global_step,mcc,train_loss,eval_loss,weighted_f1
142,0.0,3.359410047531128,3.0696528227315785,0.005067170887729246
